id,pais,productividad,edad,fecha
1,Mexico,44.191250509780566,40.14626558793769,2023-01-04
2,Argentina,52.37900551835798,41.17280867335204,2020-02-24
3,Chile,60.03734261591043,29.962954519579114,2020-11-11
4,Argentina,58.865241160001595,35.3490670588296,2023-03-30
5,nan,45.80812117364535,32.515845727648916,2023-08-30
6,Colombia,55.59193908873032,33.65690734875834,2022-10-22
7,Mexico,54.89330812939525,14.566568080701906,2021-04-06
8,Mexico,39.661820078943954,49.29597629051556,2022-07-11
9,Chile,54.31749463828003,32.6387491890225,2020-02-17
10,nan,56.29407665424177,28.713431873247877,2023-02-06
11,Colombia,41.536334921316296,44.09837369663289,2020-09-11
12,Mexico,30.759700504018717,27.72598742216225,2023-03-06
13,nan,49.803607629065844,42.78831357345906,2023-07-20
14,Mexico,43.685834323771246,31.93728130284171,2021-06-28
15,nan,52.68877865169975,45.80664878480226,2022-11-10
16,Mexico,39.60062417282289,34.722346970272156,2022-09-26
17,Mexico,51.84551810095149,36.63559429998261,2022-04-16
18,Chile,,29.99858502810941,2021-07-19
19,Colombia,49.29533062317872,31.67112999166901,2022-04-22
20,Chile,59.29393930906337,36.92320181909952,2023-06-24
21,nan,53.51964910388355,40.10392687492007,2020-07-21
22,Colombia,74.82793051583405,48.98252789477448,2021-03-04
23,nan,41.57444700881518,32.91174324361382,2023-07-27
24,Colombia,57.36312761457395,21.21606733992785,
25,Argentina,56.0678125920559,20.616883436518123,
26,nan,42.318499820612715,34.340031174928626,2020-06-11
27,Chile,,39.30795890109542,2023-01-11
28,Argentina,52.07416381721566,43.04683505800504,2022-05-24
29,Argentina,47.83160214105458,25.678879197961805,2022-08-23
30,Argentina,56.70063533289168,21.51850972482228,2022-09-03
31,Chile,46.01100419678508,34.21279754534825,2021-01-26
32,Mexico,43.14505021240696,40.148987074458006,2023-09-10
33,Argentina,48.97281665055082,22.488210303642113,2020-07-29
34,Chile,40.33411994590782,5.937085690319148,2021-12-13
35,Argentina,,26.279654724857405,2022-01-29
36,Argentina,35.503281513946845,25.27599505876826,2023-10-06
37,Colombia,,37.12012420510942,2022-02-11
38,Colombia,45.99167530461456,21.05400837485615,2021-02-07
39,nan,,45.590221700799844,2023-06-10
40,Argentina,,38.97784117363359,
41,Mexico,63.48191627119548,47.25307429141065,2021-10-06
42,Chile,41.26889580669263,15.505757866533777,2022-11-04
43,Argentina,35.907969186258825,44.438496666053496,2022-12-17
44,Chile,32.07092390379041,33.652275401128016,
45,Colombia,,43.980321751094266,2023-06-01
46,Colombia,59.55395015172997,28.13546848117774,2021-01-09
47,Argentina,52.6858745952078,41.35870793553431,2023-01-06
48,Chile,50.61246060396172,31.10732157947964,2022-11-16
49,Colombia,40.578065217291595,39.49237361048252,2020-04-30
50,Argentina,52.60664542246087,19.758715720608745,2023-07-15
51,Argentina,53.96628420280061,25.4887743264501,2023-01-18
52,Mexico,,36.9198151516476,2020-04-21
53,Mexico,37.666740051505315,25.589319190105236,
54,nan,50.167533198153166,45.742387775897555,2022-09-08
55,nan,52.24908898560514,35.75769419603727,2021-03-30
56,nan,46.96040095610416,41.93115255898736,2020-07-16
57,Mexico,44.09995776103319,24.874731954796772,
58,Chile,36.31650714800478,31.19112933176829,2023-08-15
59,Chile,36.41663022003209,30.747936156177218,2021-10-11
60,nan,,10.0596502912639,
61,Chile,47.8275183342296,40.47762877731288,2023-02-12
62,nan,49.193619914320095,25.158410356993844,2023-12-04
63,Colombia,34.650778930753546,32.768035627713246,
64,Mexico,60.94803849527121,35.959561476973114,2021-05-14
65,Chile,63.27438931969073,39.9029613670708,2022-03-01
66,nan,59.24203319572505,33.22136824072014,2021-11-07
67,Chile,,54.91713263436118,2023-08-20
68,Mexico,62.711483740074584,46.12613514405453,2023-04-30
69,Chile,58.38843319418163,37.81960564434762,2021-09-22
70,Chile,47.13701410473191,24.72449130517818,2021-03-27
71,Colombia,,29.85898923166972,2021-02-25
72,Mexico,56.80184776326387,42.52715224517249,2020-07-30
73,Argentina,58.530424657752036,29.26916971756237,
74,Chile,31.455806045422225,33.54330680970894,2022-06-18
75,Argentina,59.85723084048823,21.22173739997693,2023-02-14
76,Chile,44.20350238299051,48.51651996735067,2021-08-16
77,Argentina,43.25405693298643,42.43432566794817,2023-02-01
78,Colombia,66.49454684708711,25.743360057012417,2021-03-17
79,nan,62.86906611054003,48.206131072645924,2020-09-15
80,nan,41.68772855118547,51.203292825635764,2024-01-01
81,Argentina,63.8552918315962,22.6530602826859,2023-08-05
82,Chile,31.343349982934008,37.35589110362974,
83,Colombia,51.970638851545196,36.63836371410653,2023-12-18
84,Colombia,53.889159586663695,39.2381261256837,2022-10-24
85,Argentina,67.03699386736078,34.24806569929288,2022-10-21
86,Mexico,49.9575736284377,25.813780217368613,2020-03-08
87,Mexico,47.81103122097954,21.574149710930037,
88,Colombia,43.44185601817708,34.086078926548886,2023-11-15
89,Argentina,47.87327006190269,47.928051620750935,2023-11-04
90,Argentina,44.058120165555216,33.87277873902923,2021-10-14
91,Chile,60.007718040176954,29.895049079672866,2022-08-26
92,Mexico,,32.231250151104966,2022-03-18
93,nan,51.311617422307606,32.476380025682666,2021-07-03
94,nan,54.45505180097849,46.41044108354146,2020-04-15
95,Chile,57.55686345128871,27.62710502186876,2022-11-17
96,nan,47.11767963905142,27.623711044396398,2021-02-04
97,Argentina,39.8022786879203,11.562266885588421,2021-03-23
98,Mexico,,35.50001768317438,2022-10-09
99,Argentina,45.791138180795116,24.830683277609506,2020-11-03
100,Chile,70.42518843937616,24.008108580281274,2021-08-08
101,Chile,62.63867275343598,37.63418436699969,2023-12-11
102,nan,51.49745300003723,35.59352805893207,2021-11-28
103,Chile,52.27197718481907,57.263145244755925,2023-10-02
104,Mexico,44.14502091343191,26.87925971849881,2021-10-09
105,Argentina,32.802233662775905,47.265551622146084,2020-12-16
106,Chile,57.72112374173762,36.27370733864087,2022-09-19
107,Colombia,43.352223626888005,51.753131775611045,2021-10-03
108,Colombia,31.35880098017337,24.01688794219348,
109,Mexico,47.59338366375633,41.43620071164431,
110,Chile,39.21220432001262,48.045959135080956,2021-12-22
111,Chile,46.17930386979154,41.94624715376482,2021-10-18
112,Argentina,56.52651565031461,36.76683268684358,2020-07-02
113,nan,49.33522795789494,34.32533732571456,2022-02-15
114,Argentina,55.22491605631945,24.121805275359613,2023-01-08
115,nan,52.182640230908135,32.590322437542376,2023-03-25
116,Chile,42.35988240349912,43.613323873678276,2023-11-08
117,nan,64.7048648208991,17.207434900305266,2020-09-06
118,Chile,,36.21412614975051,2021-12-25
119,nan,35.72276247642936,30.502642594480005,2021-10-26
120,Mexico,,28.666435483576706,2020-10-12
121,Argentina,49.574364188571316,17.244594326505403,2021-10-22
122,Argentina,59.03551755233278,38.46837062707341,2020-01-19
123,Chile,42.63455022627862,41.32179762896667,2022-11-09
124,Mexico,39.66453805892222,34.04810752898077,2022-05-16
125,Colombia,60.79486773108379,41.49711800676645,2023-06-29
126,Colombia,59.28180677617198,42.48215104957568,2020-01-30
127,Chile,27.662884949153295,23.734625252746916,2022-05-02
128,Argentina,47.73513356811515,30.39573642703622,2020-11-09
129,Argentina,51.0018243734394,51.732113974038604,2023-06-07
130,Mexico,50.749535861093555,30.90382543404069,2021-11-20
131,Chile,48.932761133431306,44.65090549846057,2021-03-02
132,Colombia,,39.41416792002541,2020-03-21
133,Chile,52.19518912241729,25.287899087232006,2021-08-31
134,Colombia,,26.45402041833907,2022-12-29
135,Colombia,38.14843340873945,46.527816677393,2021-06-22
136,Colombia,46.653357716364816,35.38148231321609,
137,nan,53.683323435375215,26.848794631650932,
138,nan,68.44434483681864,49.27028959475488,2023-09-11
139,Chile,62.54605653846462,29.053727887182905,2022-04-13
140,Mexico,54.87275516981966,38.11354763354382,2022-08-25
141,Mexico,58.8767200350305,40.13908757559619,2023-10-25
142,Colombia,40.86047189237136,41.84952524610973,2020-03-09
143,nan,26.92929427900856,51.6874744043003,2021-08-28
144,Chile,47.868580755247486,58.94289900351107,
145,Colombia,70.72010971520073,29.936978918300923,2021-11-26
146,Argentina,,38.98632564759684,2022-11-13
147,Colombia,49.81857646747797,23.138159253007707,2020-03-17
148,Colombia,51.23132475925857,46.01776943362129,2022-05-30
149,nan,49.30926425959775,23.07343677704142,2020-02-12
150,Chile,31.856009508121915,26.999377914652822,2023-08-19
151,Argentina,58.02585163677948,33.8473805908767,2020-08-27
152,Argentina,45.55938925182089,22.43489748344832,2023-06-08
153,Chile,,43.940871439706,2020-01-20
154,Colombia,58.4030654561424,41.59617954581025,
155,nan,61.82252946913445,36.34546101975448,2023-12-31
156,Mexico,54.8311218817355,37.9690374610907,2020-02-20
157,nan,48.02417040848086,37.677450935688604,
158,Argentina,58.477264416385886,35.95937883087969,2020-05-20
159,Mexico,36.06871507490558,26.888258779882587,2022-09-08
160,nan,68.50426583220212,24.065505969646626,2022-08-15
161,Mexico,38.26519799210486,40.60190177316258,
162,Chile,59.411733649534234,40.8439213563798,2022-09-13
163,Colombia,,20.11184701353478,2023-05-21
164,Chile,,38.693618669435615,2023-03-31
165,Mexico,45.48281232774968,23.64306016514989,2023-05-11
166,Chile,51.552636480347765,40.29602374369651,2023-12-04
167,Mexico,41.8362052765429,44.00083271331019,2020-06-14
168,nan,69.46050778544523,29.661512373159706,2022-09-20
169,Mexico,52.87582727250478,29.334256752516982,2021-04-03
170,Colombia,44.71134368132765,23.630379867069607,2021-06-15
171,Mexico,46.28065468291986,46.16756997763661,2021-10-02
172,Colombia,,47.19759741835888,2022-04-03
173,Chile,43.158378925738496,38.995702133108416,2020-05-11
174,Chile,27.927272070465694,44.89599258930689,2020-06-23
175,Argentina,38.623016439421114,39.020717599245636,2023-08-01
176,Colombia,39.02857509876111,16.64836203220004,2022-06-04
177,nan,36.007784275177784,20.9826825925091,2020-11-15
178,nan,60.20417028620262,52.81850325130192,2020-04-01
179,nan,28.254210736910714,45.23757498899453,2022-10-07
180,Colombia,64.07184071343292,26.79968766822754,2022-09-04
181,Chile,45.69145968420069,34.03166511039662,2021-08-30
182,Colombia,41.475603129565066,30.66479638064362,2022-02-09
183,Chile,50.87684711253143,27.44535036332418,2023-05-18
184,Argentina,39.47013508106539,29.977837368764117,2021-05-16
185,Chile,43.23392166596672,22.53283172013557,2023-08-07
186,Chile,49.749821067578566,27.890279165016143,2022-02-08
187,Mexico,51.332472423682965,30.829940246935557,2021-11-24
188,Colombia,57.35338155509336,28.90967345472561,2023-10-16
189,Chile,59.9797226057992,48.18318855678064,2022-06-03
190,Mexico,45.87030159201532,40.25000483172244,2021-05-29
191,Argentina,62.22196913546709,33.02714015805379,2023-09-19
192,Chile,37.737548717926614,29.569897845616133,2022-12-24
193,Mexico,51.353101766968166,35.621267249060516,2023-01-19
194,Colombia,51.03030824284042,55.402168203453975,2020-07-12
195,Chile,54.97832739266728,-2.019766628044315,2023-10-12
196,Argentina,40.04633091184963,25.14846228676785,2022-03-12
197,Mexico,51.32371560234202,58.494339626039654,2021-07-19
198,Argentina,65.77550354445412,23.746866651916577,2023-08-29
199,nan,52.76726191064552,28.534852541282373,2020-01-10
200,Chile,37.060200709685894,24.70689005760085,2023-09-01
201,Mexico,38.87525629568505,43.66163091611761,2023-11-21
202,nan,35.32137087270199,38.23167092806419,2020-03-21
203,Chile,49.48605089052207,50.232665907448116,2022-04-07
204,Chile,27.796794019782464,34.732189645786235,2022-07-16
205,Argentina,33.973253712862444,30.081733166766135,
206,nan,,43.308454483586864,2021-02-23
207,Colombia,40.923461640512826,39.17804114202813,2021-04-06
208,Argentina,68.63233437877201,28.305447356728774,2020-02-22
209,Mexico,49.16797486695914,35.38469367964074,2022-06-26
210,nan,44.574636112887674,33.17933136183754,2022-07-06
211,Mexico,46.17947856444156,32.47199026984471,
212,Chile,56.69662596350606,33.46724745840231,2022-02-02
213,Chile,42.37084458359773,21.941072074517834,2023-05-11
214,Mexico,43.650523373885534,43.36447237978037,2022-03-27
215,Colombia,41.549252219497546,44.639402785006645,2022-08-28
216,Colombia,56.226735733333726,25.284855690120015,2022-01-28
217,Mexico,46.12389408894681,30.763027500460527,2020-11-11
218,Chile,48.95315318732063,45.103656849196796,2023-03-23
219,Argentina,55.5719388132367,38.787282627230084,2021-07-05
220,Mexico,42.74470308366733,33.748648997474604,2022-08-27
221,Chile,44.745766093922306,35.3330128650401,2021-02-01
222,Colombia,48.81334845987428,28.53753132278185,2020-01-04
223,nan,40.429449407041716,29.834335474532022,2020-10-12
224,Colombia,67.15973588977742,40.94411450938698,2022-09-26
225,Colombia,43.564012394480656,29.868009925325797,2020-08-05
226,Colombia,59.40160214966003,30.45533089360805,2023-02-03
227,Mexico,56.12343249588452,28.400337565898024,2020-12-08
228,Mexico,53.28939381579212,25.247199225474695,2020-11-11
229,Chile,49.07462241912105,36.561545672257274,2021-05-06
230,Mexico,,46.51682976474804,
231,Argentina,46.16796605991557,44.91699744852596,2023-05-27
232,Argentina,54.5696437565503,26.25993578956494,2021-02-09
233,Chile,32.76146777262189,26.117934975111133,2021-10-31
234,nan,34.106014544595496,24.46350594918586,2020-11-13
235,Argentina,58.607036097814714,50.10999161935362,2023-07-18
236,Colombia,64.69476155865338,37.278835126252005,2022-05-07
237,Mexico,,41.05602683527835,2022-09-10
238,Colombia,42.31518324693255,28.42630370594008,2022-05-12
239,Chile,51.27141160629694,53.55268844094723,2021-04-10
240,Colombia,,39.378242317930855,2021-01-01
241,Chile,48.27479931347026,9.415091675636198,2022-10-24
242,nan,53.792920879262134,32.73773325288694,2021-05-26
243,Chile,51.55983155397119,34.75890190661226,2023-04-04
244,nan,51.42728903617241,44.458955001549306,2020-11-14
245,nan,45.373683468832276,19.81107271781535,2023-11-25
246,Argentina,38.50609739258971,32.4768368239823,2021-08-25
247,nan,,44.158221533483044,
248,Chile,50.166687567080004,35.184874157179095,2021-03-21
249,Mexico,,35.549395056802595,2023-03-28
250,nan,43.5453904946518,43.48920532101852,2023-06-10
251,Argentina,47.61639256524881,24.31169002504862,2022-10-06
252,Mexico,63.877258417497536,4.827001514225344,2022-04-28
253,Argentina,51.57131693643986,40.99438167201133,2020-05-06
254,Chile,30.462770071832303,30.1810276115823,
255,Mexico,60.50413465593623,38.607268884846555,2022-01-27
256,Mexico,,28.18804544854003,2022-10-12
257,nan,60.185965632396034,31.148927476451,2020-12-23
258,Chile,31.333896392637406,39.177113515897595,2020-05-06
259,Chile,32.81011248763294,40.09110581380449,2020-03-16
260,Chile,52.07632919008069,33.7399415155652,
261,Argentina,42.50800999685797,44.58338786428992,2023-04-01
262,Chile,44.66643984007625,40.16206997155127,2022-09-18
263,Colombia,,39.01002844518593,
264,nan,57.50954226137891,26.577751863982748,2023-08-19
265,Chile,44.70225022188701,25.067852926660294,2023-11-05
266,nan,60.59492667466351,36.99196948954867,2022-11-07
267,Colombia,78.46938548680953,31.478756884598244,2023-03-07
268,Mexico,49.31933539951015,23.441713770421426,
269,Colombia,48.80449958497857,49.64262606978828,
270,Chile,48.28509619946092,22.37958033173105,2023-07-25
271,Chile,59.10034802932428,36.41389716659976,2023-06-16
272,Mexico,54.834182170493804,46.07244798443314,2023-09-14
273,Argentina,49.03380354900813,43.28608804749697,2020-05-09
274,Colombia,66.86157034108913,44.13818900493381,2020-12-19
275,Mexico,30.484537504133282,53.1170711261092,
276,Argentina,61.90527775264245,45.898435867050594,2020-11-25
277,nan,56.58530791123434,46.782036034441624,2022-06-24
278,Mexico,47.03978571383519,41.732389553358196,2022-09-08
279,Chile,,22.280142867585383,2023-11-13
280,Chile,59.89841244310988,33.8171244754596,2020-09-04
281,nan,44.64421441036841,38.55639801753495,2022-01-15
282,Colombia,34.79791969756378,34.10748000238927,
283,nan,38.885393158395,29.17544428320359,2021-12-25
284,Mexico,54.852279570091675,17.72898513878151,2020-02-02
285,Mexico,43.990104540247394,35.66530138303168,2023-02-11
286,Argentina,52.987415038399995,42.73942993694215,2020-03-15
287,Colombia,,56.76743031307372,2021-01-13
288,Mexico,44.50053511990453,41.953740168019465,2021-02-06
289,Colombia,42.683554114275225,44.01308800815661,2022-09-17
290,Mexico,,32.05253242178093,2021-03-05
291,Colombia,43.09681526215028,18.727150722831837,
292,Colombia,38.02025191239851,36.55070158736881,2022-08-18
293,nan,,28.772809906465348,
294,Argentina,42.37786057150735,45.52129425046733,2022-01-08
295,Argentina,38.79201252103252,22.58053911572388,2020-04-23
296,Colombia,66.07817359497089,46.426622094854544,
297,Argentina,35.76398086234338,51.069769661245935,
298,Argentina,66.3871555438361,38.32143917974903,2022-01-23
299,Argentina,,35.57931790107656,
300,Argentina,50.53748761067813,37.572448204119674,2021-09-21
301,Chile,60.839895645391714,38.40877823487161,2023-05-29
302,Mexico,38.44762163394905,39.525287735114304,2023-08-05
303,Colombia,58.383405677693034,26.239510628599973,2021-04-29
304,Argentina,44.40370226582482,21.4261819117577,2020-02-21
305,Argentina,42.616426530459464,31.904357321882415,2021-12-19
306,Argentina,64.37336106151704,31.311318127931244,2022-12-21
307,Argentina,67.81072453137767,22.468330838939345,2023-08-27
308,nan,41.28966476589195,16.115555351538543,2023-07-28
309,Mexico,47.24368341329237,16.304208616894243,2021-02-04
310,nan,53.420115601327545,30.017025687710824,2021-09-28
311,Argentina,44.74735626412742,22.064591239235007,2022-02-28
312,Colombia,44.03115448373907,41.82170503464725,2020-05-22
313,Chile,44.1430889601622,32.642004836514964,2023-04-12
314,Chile,50.51658433844827,49.16672967889656,2022-09-11
315,Colombia,57.64087996242597,41.36922924260558,2022-01-11
316,Chile,52.21181260136452,27.607412872861293,2023-01-14
317,Colombia,59.811500778301394,24.684219724056824,2020-05-08
318,nan,66.37181040720971,40.01152392169334,2022-05-02
319,Chile,55.84320799032105,52.73655640213649,2023-04-12
320,nan,43.640234340734196,28.915609304454584,
321,Argentina,60.02560897533865,26.2483130229439,2020-02-20
322,Mexico,61.28237085860591,32.05288104040948,2022-10-02
323,Colombia,41.8821099960676,43.330206673813656,
324,Mexico,53.88784501680388,18.055249363718463,2023-10-29
325,Argentina,34.57557182710151,29.644928971491705,2022-12-23
326,Colombia,44.110457491665635,25.54714367801435,2020-09-09
327,Colombia,32.645499346431095,54.9599958645342,2021-08-01
328,Chile,50.569540212497536,25.879823231890256,2022-09-06
329,Argentina,54.82846786524788,7.792441111410966,2021-12-22
330,Mexico,55.296396405387796,60.044240070808875,2023-07-26
331,nan,53.079136304748666,56.86449416177541,
332,nan,47.82862725404653,43.98717598574449,2023-01-13
333,nan,52.47787970302065,42.301152702281165,2023-05-15
334,Chile,35.27425173266303,31.765466946675893,2023-03-12
335,nan,38.177919079734075,36.69380229724789,2023-11-03
336,nan,44.551483262917095,43.42517963484656,2022-04-17
337,Mexico,38.92887864687397,21.0148701394384,
338,Chile,43.36444841962731,30.0924475193407,2022-02-04
339,Mexico,41.83390649866654,40.80138657346706,2021-10-03
340,Argentina,53.62454513689313,29.046116140760375,2020-11-06
341,Colombia,48.318711942407276,27.994690682762556,2023-10-26
342,nan,66.04964784253852,33.730116818299834,2020-01-07
343,Colombia,,32.40170267275869,2021-09-27
344,nan,55.19282715561189,46.973816538944796,2021-02-28
345,nan,,38.772254136375494,2023-11-28
346,nan,46.130564938088895,29.695679727063467,2022-03-20
347,Mexico,,22.378793649488802,2021-12-29
348,Chile,49.66625690546993,30.455058013867657,2022-07-20
349,Colombia,34.293231227779366,41.90244270443602,2022-04-03
350,Mexico,50.28879052241679,18.806901249492604,2020-12-17
351,Colombia,46.430149534446,39.82011823602093,2021-05-30
352,nan,53.413090942005326,39.548316686949846,
353,Argentina,54.15263505708753,39.549685318625876,2021-10-15
354,Chile,43.71578765493843,40.47598266378551,2023-09-28
355,Colombia,59.05845460967712,33.971553866813444,2023-04-15
356,Chile,72.24833394071376,26.114885200922238,2023-02-08
357,Argentina,62.46609399183312,34.33335595700956,2023-11-28
358,Mexico,63.31551401703741,36.77434305604177,2023-07-15
359,nan,47.69205138196382,42.16039524429923,2020-01-18
360,Colombia,57.0983652709941,35.29283052607026,2022-11-12
361,Mexico,43.06378052137235,37.758765365362194,2023-06-29
362,Colombia,,43.42037928655765,2022-03-15
363,Mexico,62.4797185960317,37.59243085749271,2021-06-13
364,Mexico,67.89508146826931,48.09290388056729,
365,Colombia,55.780768370601876,45.50898582545007,2020-12-08
366,nan,59.332755093097305,41.43088034069464,2022-04-20
367,Mexico,46.70171391641568,23.820670748533782,2021-08-29
368,Colombia,28.74904487565429,47.911680873732614,2021-11-27
369,Mexico,67.02973352473633,36.06438290497691,2021-06-12
370,Chile,58.53155597892526,21.720273152009973,2021-10-31
371,Argentina,70.96464693655675,36.06488029012744,
372,Mexico,48.77706325739351,47.26523015155361,2020-03-22
373,Colombia,58.65663116795447,21.815672143437887,2023-01-30
374,Colombia,58.034260368806784,48.42649936299332,2021-03-16
375,Argentina,60.12632326122688,47.07343652610171,2020-05-31
376,nan,,39.529874484205976,2023-10-12
377,nan,38.844774598862315,44.471511346908734,
378,Argentina,41.72948625561007,31.19073498269582,2023-01-24
379,Colombia,45.25607674205758,55.785866081046954,2020-03-04
380,Argentina,54.3239236642484,36.32215407826207,2021-07-14
381,Mexico,53.961032931817094,29.859216783735512,2021-12-09
382,Argentina,54.726081945411664,34.60466307247065,2020-09-20
383,Mexico,65.5746786753097,49.31865747950148,2020-03-05
384,Argentina,33.80293176323378,29.70978890252409,2023-07-15
385,Mexico,44.24988180448752,36.1972322605267,2021-05-09
386,Chile,42.27033445280899,34.55603176324218,2020-11-11
387,Argentina,58.272537237855644,39.67446746536772,2021-03-21
388,Argentina,38.991347594123326,13.653312026051978,2023-11-25
389,nan,43.76795953506326,41.52661037550062,2023-09-28
390,nan,46.79157465025516,53.38874023514377,2021-06-10
391,nan,57.97678636913837,50.10906871621397,2022-04-02
392,Mexico,59.904096758904245,19.176459609916098,2022-11-06
393,Mexico,53.92233266436978,31.036873986124196,2020-11-12
394,Argentina,53.8502347292304,39.46028756602299,2023-05-28
395,Chile,41.89120634003472,39.51020706965573,2023-05-09
396,nan,46.92180611984656,37.05106840109418,2022-01-22
397,Mexico,56.6513539095936,35.96450964082539,
398,nan,64.18474844104453,34.3152299263183,2021-02-13
399,Mexico,61.485685707255655,36.851845961308705,2022-10-20
400,Chile,55.60715444631171,35.23887253079438,2020-08-24
401,Mexico,43.942516833919996,36.706924085264326,2020-01-23
402,nan,41.22181323327446,30.502518193528072,2020-08-12
403,Mexico,51.02434123317204,36.6574878839229,2021-09-11
404,Colombia,52.22710595388371,39.541135156018996,2020-04-05
405,Argentina,47.05432382446376,36.29135688972515,2021-08-01
406,Argentina,,43.738765790984104,2023-11-30
407,Chile,42.99878971779377,34.306252058243054,2021-03-01
408,Chile,56.55600169450076,38.77335085820842,
409,Colombia,51.85353407865402,41.02835199551251,2022-05-08
410,Chile,46.00520414466984,26.578156964139264,2021-07-10
411,Argentina,50.53158153642714,36.188241521419776,2022-11-18
412,Mexico,58.3784078663649,32.29988964948711,2021-02-23
413,nan,44.49407787691453,16.83355099613396,2020-10-16
414,nan,50.70715567179198,28.781301808655588,
415,Chile,56.78193073007647,29.53500189149909,2020-05-10
416,Argentina,38.048940220253726,32.404321373074616,
417,nan,38.04697537748103,48.74084900647156,
418,Mexico,55.26836170190979,30.709689464059043,2020-01-30
419,nan,28.662470882426888,23.38423036990614,2021-01-16
420,nan,64.27756693386361,31.462232854116916,2021-04-07
421,Mexico,,22.168106453676593,2023-01-16
422,Chile,49.484416294831945,42.082269919913635,2021-06-16
423,Colombia,43.67585798932934,43.21925060830813,2022-02-19
424,Mexico,49.02956252174015,41.05830456164958,2021-05-19
425,Colombia,60.45232638784268,40.63689022779302,
426,Argentina,60.548974640974656,29.274540595160754,2021-12-01
427,Colombia,53.407605813327976,42.7599288365574,2020-08-23
428,Chile,,44.70191241488747,2023-03-21
429,Chile,59.39831943122052,24.38664400455285,
430,nan,62.77495150035111,48.81028233085686,2023-01-08
431,Argentina,38.65015158065561,34.405915697990224,2022-04-03
432,Chile,57.47905245007384,42.34913077293069,2021-10-25
433,Chile,43.69332101237535,30.97996984341654,2023-07-15
434,Mexico,66.17963954344064,26.636431814840858,
435,Mexico,38.04957992207641,35.94845208641544,2021-04-21
436,Chile,62.622391131493906,41.825026145603154,2023-10-19
437,Argentina,67.06532842737629,49.70513143211595,
438,Argentina,39.62837174105489,40.951436375873975,2022-07-23
439,Argentina,52.20371514154817,39.03251908572826,2020-03-24
440,nan,60.796558366698136,41.648816089991264,2023-08-25
441,Colombia,60.92102245689,33.36857394894384,2023-06-25
442,Colombia,,27.356334694716107,2023-08-05
443,Argentina,64.81237466320223,36.4729186884713,2023-10-16
444,Argentina,50.53274440458261,10.143325763823071,2022-10-13
445,Argentina,,17.726142705935914,
446,Mexico,37.57162710418941,57.846416949253936,2021-03-27
447,Argentina,50.11354654140968,32.72060048071286,2023-10-22
448,Chile,39.49510219996291,40.991164878587824,
449,Colombia,36.37501653732283,40.49046317785341,2020-09-16
450,Argentina,53.4981069581249,44.561285072267054,2023-05-04
451,nan,55.8773092252838,33.54910659532081,2022-07-07
452,Chile,59.63079475185219,40.120832793373125,2020-12-20
453,Argentina,53.06830147479641,48.42726631355839,2020-03-16
454,Colombia,43.99997531776132,56.92357469906636,2022-03-03
455,Chile,,38.127017910790876,2022-05-28
456,Argentina,35.30626411912155,16.371601137509884,2023-04-08
457,Chile,41.025904583315885,39.34379759037085,2022-07-20
458,Argentina,44.62466425693986,28.168508357366758,2023-01-29
459,nan,62.69765914747693,39.18562758154359,2023-10-19
460,Argentina,69.57229106955901,44.39385316007718,2020-06-12
461,Chile,46.72211029204843,44.02130169926338,2021-05-21
462,Chile,29.330943478906725,20.065963483681152,2020-08-01
463,Argentina,48.55797535158071,40.90315209862979,2023-09-19
464,Colombia,49.88162632459917,36.028343380262285,2020-11-07
465,Chile,43.09715562579024,55.55549449325996,2021-05-14
466,nan,49.8878041242098,35.37135950295446,2021-03-12
467,Argentina,28.506026757504213,22.818780899804327,2020-06-22
468,Argentina,45.52349283555063,49.17733407543085,2020-09-19
469,Mexico,48.891157914862525,31.331079897800695,2021-02-20
470,nan,59.26139931136017,30.389665686299697,2021-09-22
471,Argentina,44.906914451378356,39.197060900188305,
472,Colombia,40.484164994722136,42.892156032564316,2022-10-07
473,Argentina,68.69228219630209,23.64094616969304,2020-04-05
474,Mexico,43.526291677032084,44.650715276557634,2021-11-25
475,Chile,,24.802740179211987,2022-12-08
476,Chile,57.46625275122799,32.04974230294857,2023-09-06
477,Mexico,45.55482302204115,28.227408460374335,2023-06-23
478,nan,46.29963433343545,41.58017143384488,2022-04-14
479,nan,43.980611958221125,32.90391269807307,2020-08-09
480,Colombia,69.00722363897593,36.2171711404329,2022-04-05
481,Colombia,,34.00925358821423,2022-03-21
482,nan,45.85361516857898,43.080261567571974,2021-08-02
483,Colombia,56.87510099757937,21.892146826845654,2020-04-30
484,Argentina,64.25798383680328,16.47461456034674,2022-04-05
485,Argentina,,31.5867741312448,2022-10-31
486,Colombia,60.62726342147046,50.2101677231494,2022-01-17
487,Chile,52.90940223472142,39.04853663063458,2021-09-08
488,nan,,36.76471842466122,2020-02-02
489,Argentina,55.8490276289602,56.41437855913955,2023-06-09
490,Chile,32.1951657039847,41.2274006985045,2022-12-14
491,Mexico,45.77099764989644,51.084817523166436,2020-04-28
492,Colombia,52.60806583264664,44.06405412974694,2020-04-18
493,Chile,55.17473850688874,29.23813337451216,2023-12-26
494,nan,41.096045157683264,34.11630235772422,
495,Mexico,45.1289719408902,42.20640109499156,2023-07-27
496,Chile,,14.75078229289776,2020-02-04
497,Chile,44.538217697161365,23.420005353433012,2021-06-20
498,Chile,46.52029839615751,48.86014629125898,
499,Chile,56.18541084812481,38.53780149188781,2022-09-05
500,Mexico,23.122163306215814,40.692832466980796,2020-03-18
501,Chile,61.77284286642691,22.686589083820696,2020-02-07
502,Colombia,59.206538866371524,16.11244401049901,2021-05-09
503,Argentina,75.04219283135367,39.35081880506653,2020-09-25
504,nan,39.090731339006794,26.556478257850827,2020-11-29
505,Chile,65.15268212015157,31.82949949640637,2022-08-06
506,Chile,53.02948364947749,30.56835140987853,
507,Argentina,54.0152522868353,42.818455892774026,2023-03-25
508,Chile,55.50473785179721,25.306519990943602,2022-06-13
509,Chile,56.5321836757797,34.333827976946985,2020-12-02
510,Colombia,47.26390211390308,32.953468317263265,2021-04-02
511,Mexico,63.514638737565775,48.72048301543543,2023-12-12
512,Colombia,25.126514379483016,15.670236132050974,2020-05-26
513,Chile,55.39207742708045,50.306226300985365,2021-11-14
514,Chile,60.09390895213499,40.25146234140618,2021-03-26
515,Chile,56.889116485558176,46.70560284959592,2023-07-16
516,Mexico,48.17874675018122,40.9460740558346,2023-06-16
517,Mexico,52.634605805664,31.80836487492985,2023-07-08
518,Argentina,41.47123424772803,34.45293623811733,2023-02-23
519,Colombia,67.4326275302819,35.339489431142134,2022-09-27
520,Argentina,41.80248062196916,18.907264131979524,
521,nan,41.302891758745254,13.624633914967422,2020-05-14
522,nan,40.725827341252554,41.21181244894553,2022-03-13
523,Argentina,55.19987432866989,17.10987338886585,2022-09-21
524,Chile,47.82651491813211,55.25649831556248,2023-01-02
525,Mexico,59.24756388116762,43.29482519118639,2022-08-17
526,Argentina,51.695288585174644,38.621401428409776,2021-03-03
527,Mexico,38.40969128098897,35.007554342643466,2023-01-23
528,Mexico,29.78861770710044,33.257745572654954,2021-06-21
529,Chile,45.867827425092145,27.891264213689624,
530,Chile,62.86140179280534,33.19656919446616,2023-09-10
531,Chile,56.70282267301196,40.13293283788073,2023-06-17
532,Argentina,43.490726590584345,27.359653333485788,2022-04-25
533,Argentina,48.85909513360715,34.7020530032088,2021-12-12
534,nan,63.331511618147104,20.971401741652002,2023-04-18
535,Colombia,41.46661212855888,35.36543600121906,2020-04-09
536,Chile,46.02522653080433,40.91592884732547,
537,Mexico,72.72071302123975,37.517646601708584,2022-07-25
538,Chile,38.449887820520615,36.736652497386586,2023-03-06
539,nan,40.279767177233566,50.89499228444226,2021-02-10
540,nan,45.68955199743984,35.84137401348472,2023-09-16
541,Chile,57.66544445731277,47.42683340577532,2023-04-17
542,Colombia,53.00819730308002,36.724948792539536,2022-03-06
543,Colombia,45.961105944513186,25.870818625870218,2022-06-18
544,nan,58.82304097051382,44.3860489330032,2020-05-03
545,Chile,54.682963577071106,47.66642249405856,2021-10-27
546,nan,49.17230382888279,34.40190107461984,2020-01-01
547,Chile,,29.58775089588419,2023-04-08
548,nan,50.93403088970661,42.23582937789877,2020-11-25
549,Mexico,36.03968089540589,28.0390053425411,2023-05-27
550,Chile,39.18119997599176,47.878256414423205,2021-11-09
551,Argentina,40.13422661721088,6.1837200235091805,2023-09-03
552,Mexico,50.92171634780426,34.83363534282268,2021-07-28
553,Mexico,64.37274334577062,22.679243418242525,
554,Mexico,57.607193004714524,34.65728807350605,2022-09-27
555,nan,37.29410128968774,34.12760901051772,2022-02-05
556,Mexico,60.92634213100089,24.060736941374653,2021-01-07
557,Mexico,38.060339565081286,14.31071440653636,2021-02-24
558,nan,35.528774419040715,14.224880043567513,2022-06-23
559,Chile,54.139058113793496,30.208909388193547,2023-02-12
560,Colombia,49.02272136377909,26.798131362226506,2020-08-21
561,Chile,,29.56408560718938,2022-01-20
562,Mexico,51.299406440472815,43.84159598224962,2021-07-18
563,Colombia,47.22798571519175,40.34732611937692,2020-08-17
564,Colombia,54.481705421506696,31.68361724954622,2023-04-27
565,Argentina,44.80544808478734,17.87990591656773,2023-05-11
566,Colombia,60.35725107180613,36.717953431354324,2023-02-14
567,Chile,,38.00840460969334,2020-10-04
568,Argentina,46.96983875573392,5.8491561024656,2020-01-29
569,Chile,42.808350565048194,30.217249330524933,2020-05-31
570,nan,59.758852082895,37.01622023026831,2024-01-01
571,Argentina,52.01432249700827,16.42372236683593,2022-11-30
572,Argentina,46.726687503501765,27.130488769363854,2021-03-21
573,Mexico,53.716995473253235,24.241900780793177,2021-06-03
574,Colombia,37.909128842788874,29.24799109203153,2021-12-07
575,Mexico,47.555436909177836,14.1703212015933,2022-01-08
576,nan,66.90131615842803,37.00055085601313,2023-03-05
577,Chile,49.71704545266972,25.1729523175981,
578,nan,57.48840087970795,34.93729898959369,2023-04-16
579,Colombia,39.210813880367105,25.932178882734735,2020-05-12
580,nan,54.7196317124496,31.55085966205015,2020-05-28
581,nan,52.94178623676962,40.2767358246412,2020-11-13
582,Colombia,50.26602019652483,21.285812141225687,2020-07-11
583,Argentina,,25.99309382170155,2020-05-13
584,Mexico,47.23034120820577,34.03303995150977,2021-03-24
585,Argentina,48.40676034124442,50.80258301172981,2023-02-06
586,Mexico,58.26192969820252,33.67931644636982,2020-03-17
587,Argentina,40.64886097970019,13.311184158378847,2023-03-11
588,Mexico,40.941265568364045,24.615253560367858,2023-06-05
589,nan,56.664040079025604,51.52796576799502,2022-12-11
590,Chile,,2.4755526286194085,2023-03-06
591,Mexico,52.47646829896304,39.044934417428195,2021-09-20
592,Mexico,45.64600080844435,36.27450727659315,2023-03-02
593,Colombia,45.99622021341202,21.462871949972527,2020-02-05
594,Argentina,58.33986698429151,44.15335667549986,
595,Argentina,49.20166592411623,43.061126450978215,2021-06-23
596,Mexico,70.33668372271508,35.536083429360154,2021-08-26
597,Chile,53.716615236648536,30.04202740326467,2020-05-11
598,nan,39.206980714086704,25.958304620564284,2020-05-12
599,nan,66.44126814639836,34.30404324808389,
600,nan,51.51242659700813,54.212169338024374,2020-02-06
601,Mexico,39.5889310174511,45.09891005066407,
602,Argentina,50.04849640875589,49.34234396324942,2021-01-08
603,nan,56.41771203187203,42.43475432129333,2022-01-22
604,Chile,60.62004902976329,38.50230114340711,2020-10-12
605,Argentina,47.00322584106358,62.50851432435864,
606,Argentina,43.30895429956975,37.605828754811434,2023-03-14
607,Mexico,34.65323786682107,23.49430823119825,
608,Argentina,65.13140459656317,36.913993133396225,2022-08-05
609,Mexico,71.702277739513,19.73042585949773,2020-04-25
610,nan,38.92379043703506,36.596717462232384,2023-09-27
611,Colombia,66.5632439987414,37.94924207732221,2023-03-19
612,Argentina,38.78930352735421,26.78643706283248,2022-10-03
613,nan,34.9873179721337,47.973338257151894,2020-05-04
614,nan,53.99033861497911,37.1478874892462,2022-12-24
615,Chile,50.436446733362175,41.02104435730101,2021-06-28
616,Argentina,,53.235144159431,2020-09-03
617,nan,56.62851468450337,31.45387018454949,2020-11-23
618,Mexico,41.7786141455492,29.136873635001372,2020-02-20
619,Chile,37.3620950153203,32.84161116054803,2020-02-21
620,Colombia,46.52821786876129,27.402111689062977,2022-07-25
621,Argentina,50.09831437339487,24.176715343039987,2020-01-31
622,nan,,11.326423492446537,2020-04-30
623,Chile,61.49422923802574,28.766148607113397,2021-09-13
624,nan,39.389855890541504,36.612099705154556,2020-04-12
625,Argentina,41.916917542760594,18.88175304463045,2021-09-30
626,nan,48.03393555625106,44.07079659992918,2020-02-24
627,Argentina,,33.41457216674049,2023-04-30
628,Colombia,,28.746080820872216,2020-11-13
629,Chile,45.69098758819003,22.491925962785565,2021-05-28
630,Colombia,54.21691719836564,18.685052658198675,2020-03-05
631,Colombia,53.309836526305524,35.28123916695818,2021-02-14
632,Chile,48.65904596906429,39.7196012396463,2021-11-01
633,nan,54.671950242847366,45.66927218057923,2023-08-12
634,nan,66.50319327867983,27.453366616087212,2022-08-24
635,Argentina,61.6599741681363,53.52230999881527,
636,Argentina,64.84844732492766,53.82124794612237,2022-02-08
637,Argentina,52.54686700922608,36.565952593959146,2021-04-25
638,Chile,64.20605956760699,27.870486137323425,2022-06-28
639,Argentina,61.59372576723484,27.3719814336552,2022-05-08
640,Argentina,44.73807111973181,41.8910011567015,2021-06-28
641,Argentina,46.68339647214925,32.10374990418294,
642,Mexico,48.024548847268846,16.65012783231991,2020-04-26
643,nan,62.1702790146491,25.031333768967315,2020-08-26
644,nan,49.72375957654546,39.890655629090574,
645,Colombia,47.002559407391885,30.608244697948365,2022-09-28
646,Chile,44.949249304278595,44.45829236312695,2020-11-20
647,Argentina,59.005412369472246,42.60549788258426,2020-07-22
648,Argentina,50.58830066546956,15.47039956895907,2022-04-19
649,Argentina,43.778462836145984,38.52078518468246,2021-03-03
650,Colombia,49.70132871074946,35.50256394298056,2021-07-01
651,Chile,32.1231303525863,37.858976419183605,2022-04-12
652,Mexico,72.79679567078047,44.54238656366585,2022-09-06
653,Mexico,40.52909985257078,45.70476160687917,2021-09-28
654,Argentina,60.30491640085157,37.691072882576385,2021-07-31
655,Colombia,46.39159138956732,38.68451808831564,2020-09-27
656,Mexico,54.99972734310511,45.572154102599285,2021-10-05
657,Argentina,,35.971470029170746,2021-07-17
658,Colombia,40.88757839694521,53.99978519160987,2022-01-27
659,Colombia,41.17572429642867,30.782922695956835,2022-07-25
660,Mexico,64.88735822829231,27.480291885587356,2023-01-26
661,Chile,75.60398696762317,38.54288810923914,2021-01-12
662,Argentina,68.8771780541799,34.802458694772646,2021-06-19
663,Chile,56.431107238133094,49.4113238753602,2022-11-30
664,Argentina,48.82939338829331,37.4251013086178,2023-11-05
665,Argentina,53.42535702509948,25.945563358723966,
666,Colombia,,34.86420935051104,2022-09-17
667,Mexico,52.22566027446243,23.210837217761323,
668,Chile,45.594579173516095,29.365111129900324,2021-05-30
669,nan,28.48482885649223,40.310666837644185,2021-01-03
670,Colombia,50.48560350530354,52.74210246650225,2023-06-07
671,Chile,50.56265581566506,14.101241618445982,2021-01-17
672,Chile,,48.998932928365726,2023-11-14
673,nan,47.19918658329146,39.06393236389455,2020-06-13
674,Argentina,40.72982340540145,37.027420674314776,2021-11-01
675,Mexico,48.6953511926088,19.405674668189256,2022-05-16
676,Mexico,44.2635240080175,47.38944299055096,2021-06-01
677,Colombia,45.84779030738508,32.36279772607515,2021-08-08
678,Mexico,54.22894548433653,45.25399508558608,2021-04-12
679,nan,,32.56383492952828,2023-11-06
680,Mexico,28.528069012345863,13.85432533460282,2020-04-29
681,Colombia,50.98869200188519,36.36861197384132,2023-01-02
682,Mexico,63.397498946081974,12.266962763020208,2021-06-02
683,Mexico,44.51140996276397,26.883534855278736,2021-04-12
684,Colombia,40.074156149866624,27.948793390532067,2020-08-18
685,nan,44.02973472926239,26.745771132296824,2021-02-12
686,Chile,37.55589066873333,45.14332529980284,2020-05-08
687,Chile,38.67086373358723,45.091909199703835,2023-05-26
688,nan,45.788027032875505,24.7068934315836,2022-01-14
689,Argentina,55.59223794157344,24.993495515794567,2021-07-29
690,Mexico,56.042679107199675,50.63250997364786,2023-12-13
691,Argentina,41.96694712846614,29.38196229134277,2020-11-15
692,Colombia,54.324049538784585,31.361934698481566,2023-03-24
693,Colombia,48.80352159980537,28.82069900671621,2023-03-28
694,Mexico,45.400510033650264,24.46839979063922,2021-03-20
695,Mexico,54.68770108617593,39.63272654092165,2022-02-22
696,Argentina,53.76023926843437,41.187186906815505,2021-04-18
697,Colombia,48.35770521003803,33.419884622555834,
698,Chile,45.50914571126624,52.111870236382394,2021-08-14
699,Argentina,38.775250632487186,55.99392184099211,2022-07-29
700,Mexico,56.72722192408887,42.923568236537285,2020-07-21
701,Chile,,20.601148326725152,2022-06-24
702,Argentina,51.66015747885003,47.74844340351697,2021-07-31
703,nan,62.52655156238864,40.83618924233922,2021-08-23
704,nan,35.68496537131396,13.021739855615575,2020-09-22
705,Chile,46.841792110900094,31.258583769620785,2020-02-27
706,Chile,49.62101952574933,22.203807124325788,2020-11-08
707,nan,60.61125511394545,42.32339943551876,2021-09-07
708,Mexico,66.389928232076,23.707925836098404,2023-07-29
709,Colombia,44.89569668343092,59.37195435437332,2020-10-26
710,Argentina,,34.08657929425151,2023-09-16
711,Argentina,36.956010180246615,31.410918337541805,2023-09-12
712,Chile,39.808171119141214,41.99900923737822,2022-02-10
713,Chile,41.55357293073122,40.109044681693504,2021-01-03
714,Chile,57.046306447125204,35.46442277157969,2020-08-30
715,Colombia,49.16098619531791,37.70789163690422,2023-12-30
716,Argentina,32.310012557022844,54.383274268556086,2021-02-25
717,Argentina,51.67801037862279,35.68423161175719,2021-08-02
718,Argentina,45.90705009050804,49.939504694319716,2023-05-23
719,Chile,59.276432037188044,29.106482165374132,2020-01-16
720,Argentina,39.51095631059486,38.43377937606419,2021-09-07
721,Argentina,36.368942675810935,39.000425246483445,2020-03-05
722,nan,60.11891059754009,43.33722418591404,2023-10-09
723,Colombia,47.748229008498036,19.277738031902203,2022-02-11
724,Chile,39.920838776914565,31.695425515717197,
725,Chile,49.19692126069673,46.82216276675058,2022-11-02
726,nan,49.898708194858834,43.06653366293275,2020-02-01
727,Argentina,,26.18464755590817,2022-07-03
728,nan,,48.941673586192984,2023-04-10
729,nan,59.73428602592788,9.78024128819655,2022-01-05
730,Chile,47.22737276346239,40.77836403878075,2020-02-28
731,Argentina,43.457952383064146,41.8461824175339,2022-02-07
732,Chile,55.34147165731983,36.58863969286256,2021-04-04
733,Mexico,48.04755741644283,47.93269109823128,2022-07-26
734,nan,40.112150851571926,33.995228099101894,2021-08-29
735,Chile,46.393652948120696,45.131045627842674,2023-06-21
736,Chile,53.59291303553165,31.527482164595348,2021-09-09
737,nan,,33.09406986239885,2020-12-14
738,Mexico,42.812965778254636,33.83822123771892,2023-11-05
739,Colombia,46.634475269820086,30.03850396901095,2020-12-30
740,Colombia,44.55095495768943,43.78272329451333,2021-01-19
741,nan,,19.429683177973345,2021-02-23
742,Argentina,62.6394871870521,42.45176516770574,2021-07-10
743,nan,,40.60618024877351,2021-06-11
744,Mexico,56.72843195053471,27.743515024386863,2021-01-07
745,Chile,49.775404949501,17.06100715639637,2021-11-21
746,Colombia,44.82185959636326,38.645707180068825,2020-06-19
747,Chile,,49.78028198919372,
748,Chile,59.72919521904223,25.673941647609855,2023-10-20
749,Mexico,47.54170675650151,48.36470753485846,2021-11-23
750,Chile,32.45735218262571,23.235507781950872,2020-06-03
751,Chile,60.732205264741815,36.45349462597416,2023-08-09
752,Colombia,46.19090171389678,44.17559310676899,2022-11-27
753,Mexico,48.9743041584754,40.542202103168975,2020-06-04
754,nan,48.470980891603986,42.59490904165363,2022-03-07
755,Mexico,35.57059824030217,35.21203438394863,2020-08-21
756,Argentina,60.8968506961231,36.44341216604017,2022-07-15
757,nan,,19.524587166861444,2023-06-23
758,Colombia,45.538308561098596,25.55604569143021,2023-07-29
759,Argentina,43.42887901423659,31.645638907549678,2021-03-19
760,nan,57.56825225168867,30.83972910499068,2020-02-24
761,Colombia,54.5417071284159,31.775562181140327,2022-01-15
762,nan,41.064929086259696,46.71536905236851,2021-03-25
763,Mexico,57.10409020220712,46.06079467077756,2020-06-13
764,nan,57.43461797560025,33.80126946106638,
765,Colombia,43.79667984422967,41.940172151339645,
766,Mexico,,34.41844502524638,2022-08-27
767,Mexico,49.16410457048426,33.552009732882304,2020-02-09
768,Colombia,38.31686936834083,29.164717381263127,
769,Argentina,46.54500258845517,33.411410691214904,2023-09-12
770,Chile,45.83834743733349,34.69283783982502,2022-04-04
771,Argentina,66.8421541522312,36.00631879709226,2020-04-25
772,Chile,45.41299199401594,37.126785872768835,
773,Colombia,52.11374401814987,39.402375646484096,2022-09-28
774,Chile,54.35205732999895,36.676038910607126,2020-11-17
775,Argentina,47.87312985567473,24.560119132998302,2023-01-17
776,Chile,,30.741629679659397,2021-07-11
777,Colombia,47.75353828763843,37.44236370814501,2020-10-12
778,Mexico,50.82357332105036,50.315201717865264,2021-05-04
779,Colombia,58.76812420392959,31.979910683598394,2023-02-19
780,Colombia,56.33011522634938,53.512867228819246,2021-09-01
781,Colombia,,55.54594632021953,
782,Mexico,59.46460282669319,48.4476995748317,2023-02-28
783,Argentina,50.867991940799946,26.90944989427063,2021-09-11
784,Mexico,35.76349722400871,25.60446885075384,2022-09-24
785,Argentina,32.62130979012229,24.40248768099932,2020-07-08
786,Chile,45.33336816204266,38.921016139215816,
787,Mexico,52.51266773496272,29.32755931000968,2021-09-27
788,Chile,51.10925521950245,32.077663495564096,2021-03-09
789,Argentina,42.37056935408113,16.59196041193279,2022-04-17
790,Colombia,56.19600214976023,38.418151837406995,2020-10-24
791,Argentina,48.42840342584745,48.051353271768974,
792,nan,51.949492916386774,8.325391197708258,2022-08-05
793,Chile,65.6052846070566,33.18808930002312,2022-12-31
794,Argentina,53.08547832279055,23.06640483931093,2021-05-14
795,Chile,61.42260351536595,21.432564705876832,2021-08-30
796,Argentina,60.439492717891476,48.83482856717946,2021-08-22
797,Mexico,,46.49724192643492,2022-04-27
798,nan,36.32697558497363,52.83492765544976,2022-11-06
799,Mexico,67.4795879305671,50.71256864849404,2021-10-16
800,Mexico,60.09762227456665,45.33837819681749,
801,nan,63.756364335704426,41.690395973730205,2020-07-05
802,Colombia,,23.793324632039397,2023-10-23
803,nan,,42.72599933564226,2022-03-23
804,nan,46.17164951150871,22.818729205819626,2020-03-19
805,Colombia,57.92344091179103,28.76671393666705,2021-03-13
806,Chile,44.35506550139577,41.22132489189532,2021-04-16
807,Chile,55.399713142387455,27.579047721671433,2022-07-04
808,Argentina,45.825939925210356,40.76294366476334,2021-07-18
809,nan,44.496336604929304,26.216099802659187,2021-12-16
810,Chile,46.08972859308088,35.36400385077974,2023-08-10
811,Colombia,48.36144948221157,42.29014486438413,2023-07-29
812,nan,44.52297141571609,44.232057048210145,2022-10-17
813,Chile,65.87724289079075,44.58825718488593,
814,nan,32.73491906088503,23.338959167631973,2020-11-12
815,Argentina,40.608548087157224,26.570331777483965,2020-11-27
816,Colombia,50.67547577133239,14.964355057889463,2023-10-01
817,nan,28.39984467386541,29.95176904874843,2022-05-09
818,Argentina,51.517307389431856,34.97348062731776,2020-07-27
819,nan,41.628430817475135,43.54254705836565,2020-01-09
820,nan,49.3897411917615,49.69292599097493,2020-11-02
821,Colombia,60.91391516247542,53.22204853558453,2023-10-10
822,Chile,50.1567423452889,26.690181383977134,2020-12-08
823,Colombia,50.160732779027384,30.31627934366111,2022-07-14
824,Colombia,50.421195195924,39.07203388865941,2020-11-24
825,Argentina,,38.13138799243164,2022-02-17
826,Chile,70.20220162291504,30.77292338862193,2023-01-15
827,nan,,35.18580733653654,
828,nan,62.698762240986674,25.077080758524044,
829,Colombia,57.79738967272294,47.989466063356524,2022-07-23
830,Chile,55.40995270325478,34.284363630745176,2023-04-22
831,Colombia,39.6065129984242,33.944397814097904,2023-09-11
832,Mexico,54.169024672708474,22.32940530811553,2021-08-05
833,Mexico,53.22472593569212,36.43387032104012,2022-03-03
834,nan,40.69964957364688,40.32527109400448,2020-12-21
835,Argentina,41.48139301681225,51.56677166674743,2022-09-19
836,Mexico,58.50175457697374,34.76852250029226,2021-02-04
837,Chile,54.26549221694068,45.24007193422282,2022-02-01
838,nan,,24.62336813409876,2023-02-02
839,Mexico,,31.250137420703524,2022-02-19
840,Argentina,51.52270895600441,54.67924927048981,2023-05-07
841,Chile,,38.408326385573645,2020-08-24
842,Chile,56.69027219506751,27.379915488250365,2023-03-12
843,Mexico,46.93882817758743,29.817088830988457,2023-08-01
844,Mexico,61.816749858658575,29.837774414540064,2023-09-06
845,Colombia,51.64806137103922,27.628729443732723,2023-07-19
846,Mexico,47.17772176942632,30.428628863601134,2021-07-02
847,nan,56.95756598405995,32.058578184074214,2022-03-19
848,Colombia,58.06400711422487,24.8569951410929,2021-04-20
849,Colombia,45.78538030715246,28.508336352100887,2022-07-02
850,Chile,44.56374997130583,36.579956669514864,2023-10-23
851,Argentina,45.000421177474045,34.068042189891706,2022-06-26
852,Mexico,47.757112975585734,30.125436844065632,2023-12-25
853,Colombia,66.92878174170161,48.61077294883647,2022-05-18
854,Chile,57.14410489254843,23.9937191052027,2020-05-20
855,Mexico,51.555256329684994,48.44947734660998,2020-06-29
856,Colombia,35.16007042223288,51.32644382620905,2023-12-02
857,Colombia,64.64663640306497,36.0643371852505,2021-11-03
858,Colombia,56.00643540320203,26.697259521808526,2021-11-10
859,Mexico,42.14749761907898,46.44815114606408,2022-11-08
860,Argentina,36.109434538553906,34.28498499792493,2021-04-24
861,Chile,38.13666361286706,26.060641025611176,2021-03-28
862,Mexico,55.52580314632501,31.939236528765623,
863,Colombia,53.41867964457975,32.0187181926078,2020-01-01
864,nan,49.52812888370803,44.02604365007697,2020-06-14
865,Mexico,52.41680997761659,45.95052309474984,2022-02-15
866,Argentina,49.141876147211775,48.59862377369372,2021-09-04
867,Chile,45.807505115360826,22.76909387996353,2021-04-04
868,Mexico,46.607582904570116,27.519012813073395,2022-12-11
869,nan,45.49127313598925,32.786040435756185,2020-02-22
870,Mexico,35.25994801606966,45.6162866624736,2023-09-01
871,Chile,,28.630371581504484,2020-07-08
872,nan,71.43130728601018,21.823047677642787,2021-03-22
873,Argentina,57.33690959347167,35.69135799490471,2021-01-14
874,nan,41.56852780292935,36.10952317090933,2022-11-07
875,Colombia,30.199596404978703,31.669574255983285,2023-01-22
876,nan,59.089780798808846,41.74817483453025,2022-01-22
877,nan,62.16739581135583,46.19997013596412,2021-04-18
878,Mexico,30.924682623722056,41.01372118840168,
879,Chile,59.208666554569284,40.833084085810114,2022-12-18
880,nan,65.65174653741406,20.252768612379626,2020-06-20
881,Chile,47.99970962609234,40.26253438889862,
882,Mexico,,49.45073621303812,2023-08-14
883,nan,45.63534513342696,35.97828712482278,2020-11-06
884,Argentina,44.764924419996014,31.117213692618627,2022-05-09
885,nan,62.7703718300191,53.66891986780751,2021-10-22
886,Chile,48.7986166429748,18.443389433424475,2021-01-30
887,nan,53.204918920364115,45.497329531572575,2020-09-27
888,Chile,61.221970981711614,43.216551522024375,2020-03-26
889,nan,44.401773987535954,48.06443242978603,
890,nan,78.85482629070242,36.440469797413066,2021-12-06
891,Chile,54.997523108172345,54.203305457526874,2022-04-15
892,Mexico,45.65315562079043,42.48260722015507,2021-07-21
893,Colombia,48.39126467094511,31.75722826138193,2022-02-24
894,Colombia,68.20677850301227,32.62443482764505,2020-03-23
895,Colombia,47.44268196824705,42.18888367453167,2023-10-08
896,Colombia,48.36423637879177,58.10764696469607,2023-01-26
897,nan,46.81900096312052,53.85209427587808,2023-09-30
898,Colombia,65.77526477627558,45.26549257712962,2020-08-06
899,Mexico,66.46973936223837,15.513328760329564,2021-10-25
900,nan,30.76189805968401,32.16108215179035,2020-08-19
901,nan,40.28187020843213,27.44706032378461,2020-07-06
902,Colombia,49.84329813173078,38.27506674982822,
903,Argentina,49.64144904381634,52.1368140978506,2023-12-09
904,Argentina,,31.625710270050565,2021-01-25
905,Chile,57.8621486042755,34.70904467985572,2021-11-24
906,Chile,60.32596142951505,32.274293997281,2020-11-03
907,nan,42.12765981627419,37.50142475575216,2021-05-19
908,Mexico,,40.397751276709315,2022-05-04
909,Argentina,51.09418843933302,30.63519922110028,2023-09-01
910,Colombia,28.005626258898477,58.71984620408838,2020-08-03
911,Argentina,,42.34554430552768,2020-04-07
912,Mexico,,32.17640007111072,2021-11-20
913,Colombia,48.87331608243158,39.40288574293297,2022-11-03
914,Mexico,,42.39808613263085,2020-09-22
915,Argentina,50.33788075884207,35.16566455146877,2020-08-20
916,Colombia,51.60445213124344,60.388032009048075,2021-08-31
917,Argentina,51.35205139621912,48.28750302074024,2023-07-27
918,nan,45.61096643269501,24.944078446312613,2022-02-05
919,Colombia,46.549913208525325,43.54038615871429,
920,nan,43.44852948544467,46.33468718285,2020-09-30
921,nan,53.909295794979755,46.78460414499262,2021-06-08
922,Colombia,,31.84424639697187,2023-01-06
923,Argentina,,32.07559716716536,2023-05-07
924,Argentina,46.29020701928096,23.969964496001385,2023-06-15
925,nan,52.15148139130486,19.8944931118207,
926,nan,,28.17219532881952,2023-04-13
927,Colombia,63.28836062020001,35.44924427968691,2023-01-13
928,Argentina,,41.36337850557282,2022-07-10
929,Argentina,52.74080337013509,48.95732103618046,2022-12-16
930,Colombia,51.48712392914445,22.270872809806534,2020-11-03
931,Mexico,48.35586124333577,43.74081007648449,2023-03-19
932,nan,58.228754155404175,29.334333949734955,2020-10-02
933,Colombia,39.97128158516475,32.716284869149305,2023-01-08
934,nan,43.53327043899927,34.14301882300114,2022-04-17
935,Chile,56.44682900245069,42.66830575424024,2023-06-30
936,Mexico,46.37604196393843,43.40147736761364,2021-12-17
937,Colombia,55.92711841642335,31.966687161363122,2021-02-24
938,Argentina,42.35145568788608,21.264111576622835,2023-06-08
939,Chile,50.7942255237925,21.39917364901415,2022-08-28
940,Mexico,34.69800511644678,40.71568066844876,2020-10-30
941,Chile,55.99361511772441,32.54327133104422,2022-10-10
942,Mexico,41.832036199952974,44.84714861824146,2021-06-03
943,nan,52.82168161159677,45.51737167005987,
944,Argentina,41.21061142154987,43.641069435069284,
945,nan,57.19801420989313,31.08433008836523,2022-06-04
946,Mexico,58.912619003005425,37.08963016398336,2021-06-23
947,Colombia,44.69924938585867,42.694985274322065,2022-11-23
948,nan,52.255139150446055,43.07243324647383,2023-08-09
949,Chile,43.968904880998714,40.60375606902547,2023-02-02
950,Colombia,47.95823101000912,9.092776005451109,2022-10-22
951,Argentina,66.01641973649933,33.00442854973321,2020-08-26
952,Argentina,56.81387485590678,37.45190730549227,2020-12-08
953,Mexico,57.1788216919677,32.95512325734617,
954,nan,61.3828234043161,34.21087204675689,2022-12-18
955,Mexico,57.03313486197505,44.76426432283236,2021-04-17
956,Argentina,,41.03933710485632,2020-08-23
957,Chile,41.18521646968619,32.50698387673686,2022-02-06
958,Argentina,45.72204045825913,36.49969642323279,2022-04-01
959,Chile,30.876937026994568,29.151506609175797,2023-08-11
960,Mexico,49.14910788095215,10.695548482286434,
961,Mexico,26.581230223925665,29.956150545653365,2023-12-25
962,Argentina,40.92607501669464,58.83497502718542,2022-02-28
963,nan,41.37715304538964,40.70907378801163,2020-10-11
964,Argentina,54.82118913425828,50.3521170944183,2023-07-08
965,Mexico,47.350925371479725,32.454698491213954,2021-11-01
966,Mexico,33.88884678702012,31.462664223711926,2020-04-10
967,Chile,40.32760453616553,46.59248857727953,2023-06-16
968,nan,35.5103342267687,31.622025064233448,2021-04-29
969,Colombia,34.71572840361202,26.158969156237,2021-03-16
970,Mexico,47.97432694225547,40.06714434036225,2023-02-21
971,nan,35.66378301675317,23.77545593718117,2022-01-12
972,nan,51.10830251464566,19.566279162934944,2023-01-01
973,Argentina,44.812895067748485,32.29569949290676,2022-03-07
974,Mexico,59.254788906137314,27.532406606382008,2021-09-03
975,Mexico,72.54171358358663,45.23774396466062,2023-05-29
976,nan,44.415276056424936,31.009859056350372,2022-10-25
977,nan,56.08713098971025,18.345805068395865,2021-10-04
978,Mexico,,26.83651891022949,2023-11-05
979,Argentina,44.72244832911927,23.589189937498467,2023-07-22
980,Chile,,26.749771184332584,2021-02-27
981,Argentina,42.39906429086973,32.968994102694936,2020-06-09
982,Mexico,,37.785460475590604,2022-01-18
983,nan,56.01528724474895,34.98529428678097,2021-02-01
984,nan,,55.693322886183495,2022-04-06
985,nan,28.82491224072611,35.93959662396245,2021-05-11
986,Chile,44.66932899784645,33.663972902041884,2021-02-26
987,Chile,48.321376644839084,52.47698683772144,2021-10-02
988,Colombia,64.16854709710026,46.93810847985484,2021-08-06
989,Chile,55.49599156358207,49.81872653748718,2023-01-31
990,Chile,33.824578098762444,42.902315636480694,2022-04-22
991,Chile,49.71072034543924,,
992,Argentina,41.483341840384334,,2020-07-10
993,Argentina,51.64959074254845,,
994,nan,39.29423248299224,,2021-11-13
995,nan,42.23586546117701,,2021-11-12
996,nan,200.0,,2023-03-31
997,Colombia,220.0,,2021-05-01
998,Mexico,240.0,,2020-08-11
999,Colombia,260.0,,2022-01-18
1000,Chile,280.0,,2020-08-05
